{
  "model": "Qwen/Qwen2.5-7B-Instruct",
  "prompt_type": "zero_shot_cot",
  "temperature": 0.0,
  "num_pairs": 1400,
  "avg_expara_sim": 0.4791801565289406,
  "std_expara_sim": 0.16693735203263438,
  "avg_semantic_sim": 0.8111915952073676,
  "avg_entailment_sym": 0.35947628176368845,
  "avg_step_align": 0.5479098251856852,
  "avg_fact_overlap": 0.03369465846465587,
  "avg_llm_judge": 0.0,
  "answer_consistency_rate": 0.21285714285714286,
  "by_task_type": {
    "math": {
      "avg_expara_sim": 0.6465903930687383,
      "num_pairs": 400,
      "answer_consistency": 0.4175
    },
    "commonsense": {
      "avg_expara_sim": 0.4860829726661658,
      "num_pairs": 400,
      "answer_consistency": 0.18
    },
    "science": {
      "avg_expara_sim": 0.4004314612346463,
      "num_pairs": 400,
      "answer_consistency": 0.1275
    },
    "logic": {
      "avg_expara_sim": 0.2880514417634828,
      "num_pairs": 200,
      "answer_consistency": 0.04
    }
  },
  "by_paraphrase_type": {
    "lexical": {
      "avg_expara_sim": 0.45319523033654174,
      "num_pairs": 350
    },
    "syntactic": {
      "avg_expara_sim": 0.5087252441215565,
      "num_pairs": 350
    },
    "elaborative": {
      "avg_expara_sim": 0.46559948076436186,
      "num_pairs": 350
    },
    "mixed": {
      "avg_expara_sim": 0.489200670893302,
      "num_pairs": 350
    }
  }
}