{
  "model": "Qwen/Qwen2.5-3B-Instruct",
  "prompt_type": "zero_shot_cot",
  "temperature": 0.0,
  "num_pairs": 3200,
  "avg_expara_sim": 0.49740418569766026,
  "std_expara_sim": 0.13746760226323582,
  "avg_semantic_sim": 0.8487513991052401,
  "avg_entailment_sym": 0.3716613814675702,
  "avg_step_align": 0.5745771379593697,
  "avg_fact_overlap": 0.018499567386231423,
  "avg_llm_judge": 0.0,
  "answer_consistency_rate": 0.186875,
  "by_task_type": {
    "math": {
      "avg_expara_sim": 0.6151280981666798,
      "num_pairs": 1000,
      "answer_consistency": 0.323
    },
    "commonsense": {
      "avg_expara_sim": 0.4883240594575389,
      "num_pairs": 1000,
      "answer_consistency": 0.189
    },
    "science": {
      "avg_expara_sim": 0.42060603598902774,
      "num_pairs": 1000,
      "answer_consistency": 0.086
    },
    "logic": {
      "avg_expara_sim": 0.3381760030963321,
      "num_pairs": 200,
      "answer_consistency": 0.0
    }
  },
  "by_paraphrase_type": {
    "lexical": {
      "avg_expara_sim": 0.48260961721714857,
      "num_pairs": 800
    },
    "syntactic": {
      "avg_expara_sim": 0.5256872958175607,
      "num_pairs": 800
    },
    "elaborative": {
      "avg_expara_sim": 0.48002019339842067,
      "num_pairs": 800
    },
    "mixed": {
      "avg_expara_sim": 0.5012996363575114,
      "num_pairs": 800
    }
  }
}